1,3,6,message,stay strong.,2024-02-26 15:58:48,0
2,9,NULL,story,Excited for the weekend ahead.,2024-02-24 17:03:25,1
3,13,NULL,story,Working on a new project,2024-02-23 00:54:03,1
4,14,NULL,story,Taking a break from social media for a while.,2024-02-23 18:50:23,1
5,16,2,message,Embracing the journey,2024-02-23 16:01:26,0
6,20,20,message,Grateful for this beautiful weather!,2024-02-26 21:28:51,0
7,9,6,message,New recipe experiment tonight,2024-02-23 11:39:58,0
8,5,2,message,Celebrating small victories every day.,2024-02-25 04:39:46,0
9,13,9,message,Finally caught up on my favorite TV show.,2024-02-26 12:42:31,0
10,19,NULL,story,Coffee is Life!,2024-02-23 16:08:14,1
11,9,12,message,Remember to take breaks and recharge.,2024-02-23 22:48:39,0
12,7,NULL,story,In need of some Monday motivation.,2024-02-24 21:54:45,1
13,19,9,message,Coffee is Life!,2024-02-26 14:22:46,0
14,4,NULL,story,Finally caught up on my favorite TV show.,2024-02-25 20:22:16,1
15,8,NULL,story,Grateful for this beautiful weather!,2024-02-24 13:57:59,1
16,19,19,message,Celebrating small victories every day.,2024-02-23 04:17:23,0
17,8,NULL,story,wish me luck!,2024-02-24 00:27:31,1
18,1,6,message,Finally caught up on my favorite TV show.,2024-02-25 16:45:31,0
19,19,NULL,story,Sometimes you just need to dance it out.,2024-02-24 22:44:15,1
20,14,10,message,Grateful for this beautiful weather!,2024-02-26 22:59:25,0
21,19,9,message,stay focused,2024-02-25 18:01:32,0
22,9,NULL,story,Feeling blessed to have amazing friends and family.,2024-02-26 06:04:22,1
23,1,15,message,one step at a time.,2024-02-24 21:29:21,0
24,10,NULL,story,Grateful for this beautiful weather!,2024-02-26 07:06:15,1
25,2,NULL,story,Ready to tackle whatever comes my way.,2024-02-23 16:26:30,1
26,20,16,message,Embracing the journey,2024-02-26 19:10:18,0
27,12,NULL,story,Grateful for this beautiful weather!,2024-02-26 21:20:37,1
28,7,NULL,story,wish me luck!,2024-02-25 15:54:22,1
29,19,NULL,story,one step at a time.,2024-02-24 17:42:54,1
30,11,NULL,story,wish me luck!,2024-02-25 08:26:08,1
31,14,13,message,Love yourself first and everything else falls into place.,2024-02-24 10:48:09,0
32,16,NULL,story,Coffee is Life!,2024-02-24 16:46:13,1
33,2,NULL,story,New recipe experiment tonight,2024-02-26 11:25:21,1
34,19,NULL,story,ust finished my workout,2024-02-26 09:58:12,1
35,19,NULL,story,Excited for the weekend ahead.,2024-02-24 17:11:12,1
36,19,9,message,Ready to tackle whatever comes my way.,2024-02-23 21:16:45,0
37,14,NULL,story,ust finished my workout,2024-02-26 23:10:27,1
38,6,NULL,story,Spent the day exploring new places.,2024-02-25 16:53:55,1
39,11,NULL,story,Sometimes you just need to dance it out.,2024-02-24 17:55:04,1
40,5,NULL,story,stay focused,2024-02-25 19:55:21,1
41,14,NULL,story,Time for some self-care and relaxation.,2024-02-25 17:34:22,1
42,15,NULL,story,stay focused,2024-02-26 06:10:08,1
43,9,14,message,Dreaming big and aiming high.,2024-02-26 21:50:35,0
44,14,NULL,story,Spent the day exploring new places.,2024-02-23 13:14:30,1
45,19,NULL,story,Reflecting on the past year and setting new goals.,2024-02-23 14:02:21,1
46,20,16,message,Enjoying a quiet evening at home.,2024-02-24 21:16:29,0
47,12,2,message,Enjoying a quiet evening at home.,2024-02-25 10:12:20,0
48,8,9,message,stay strong.,2024-02-25 18:06:36,0
49,8,16,message,Always be kind to yourself and others.,2024-02-25 21:59:08,0
50,2,NULL,story,Sometimes you just need to dance it out.,2024-02-24 17:55:12,1
51,4,NULL,story,Remember to take breaks and recharge.,2024-02-23 17:03:00,1
52,8,NULL,story,wish me luck!,2024-02-23 21:15:52,1
53,17,NULL,story,New recipe experiment tonight,2024-02-26 17:37:01,1
54,9,NULL,story,stay tuned!,2024-02-26 08:51:12,1
55,7,1,message,Grateful for this beautiful weather!,2024-02-23 01:57:22,0
56,15,NULL,story,Feeling inspired by nature today.,2024-02-25 21:31:22,1
57,11,7,message,Feeling blessed to have amazing friends and family.,2024-02-24 16:17:44,0
58,16,11,message,Reflecting on the past year and setting new goals.,2024-02-23 15:10:40,0
59,13,19,message,Feeling grateful for all the little things.,2024-02-23 06:30:07,0
60,3,16,message,one step at a time.,2024-02-26 10:09:23,0
61,10,5,message,Just booked my next vacation,2024-02-26 01:57:10,0
62,15,14,message,Embracing the journey,2024-02-25 18:27:04,0
63,10,NULL,story,Sending positive vibes your way!,2024-02-26 14:20:09,1
64,7,NULL,story,Just booked my next vacation,2024-02-23 04:31:02,1
65,6,8,message,Taking a break from social media for a while.,2024-02-23 17:30:00,0
66,20,13,message,Always be kind to yourself and others.,2024-02-23 15:07:09,0
67,11,15,message,stay focused,2024-02-26 18:45:02,0
68,17,NULL,story,Trying to find the balance between work and play.,2024-02-24 22:56:29,1
69,10,7,message,Grateful for this beautiful weather!,2024-02-24 15:38:40,0
70,10,NULL,story,Always be kind to yourself and others.,2024-02-24 01:05:41,1
71,18,3,message,stay focused,2024-02-24 00:19:45,0
72,9,15,message,Feeling blessed to have amazing friends and family.,2024-02-24 15:07:47,0
73,13,NULL,story,Nothing beats a good book and a cozy blanket.,2024-02-25 19:34:22,1
74,13,12,message,Time for some self-care and relaxation.,2024-02-25 16:36:39,0
75,9,NULL,story,Trying to find the balance between work and play.,2024-02-26 08:07:22,1
76,6,18,message,Sending positive vibes your way!,2024-02-25 19:17:16,0
77,2,NULL,story,Time for some self-care and relaxation.,2024-02-25 17:36:10,1
78,18,NULL,story,can't wait!,2024-02-24 03:17:33,1
79,18,NULL,story,Trying to find the balance between work and play.,2024-02-26 22:46:41,1
80,19,9,message,stay strong.,2024-02-23 18:20:23,0
81,9,NULL,story,Sometimes you just need to dance it out.,2024-02-25 13:44:55,1
82,7,2,message,Feeling blessed to have amazing friends and family.,2024-02-26 18:36:18,0
83,13,9,message,Feeling inspired by nature today.,2024-02-24 16:23:17,0
84,20,NULL,story,can't wait!,2024-02-23 13:36:02,1
85,17,15,message,feeling pumped!,2024-02-26 11:25:20,0
86,3,7,message,Dreaming big and aiming high.,2024-02-23 10:04:29,0
87,6,16,message,Coffee is Life!,2024-02-24 20:39:59,0
88,4,NULL,story,In need of some Monday motivation.,2024-02-23 06:18:05,1
89,3,NULL,story,Reflecting on the past year and setting new goals.,2024-02-25 17:58:14,1
90,9,NULL,story,In need of some Monday motivation.,2024-02-23 22:04:42,1
91,10,NULL,story,Love yourself first and everything else falls into place.,2024-02-26 00:35:03,1
92,15,NULL,story,Love yourself first and everything else falls into place.,2024-02-25 16:34:19,1
93,16,NULL,story,ust finished my workout,2024-02-26 23:06:29,1
94,3,NULL,story,Dreaming big and aiming high.,2024-02-24 13:53:38,1
95,15,18,message,Grateful for this beautiful weather!,2024-02-25 21:05:31,0
96,18,5,message,Stay positive,2024-02-25 13:53:36,0
97,9,NULL,story,New recipe experiment tonight,2024-02-26 12:00:02,1
98,4,NULL,story,Can't believe it's already Friday!,2024-02-25 08:38:28,1
99,7,NULL,story,Feeling inspired by nature today.,2024-02-25 15:53:54,1
100,20,NULL,story,Sometimes you just need to dance it out.,2024-02-26 20:21:38,1
101,12,7,message,Working on a new project,2024-02-24 12:30:08,0
102,10,NULL,story,Sending positive vibes your way!,2024-02-26 06:07:18,1
103,6,NULL,story,Excited for the weekend ahead.,2024-02-26 14:37:37,1
104,14,NULL,story,Trying to find the balance between work and play.,2024-02-24 16:06:50,1
105,13,9,message,feeling pumped!,2024-02-26 20:37:48,0
106,20,NULL,story,stay focused,2024-02-25 14:46:15,1
107,13,NULL,story,Just booked my next vacation,2024-02-24 08:24:57,1
108,19,NULL,story,one step at a time.,2024-02-25 23:50:01,1
109,9,17,message,ust finished my workout,2024-02-25 04:11:50,0
110,17,11,message,Ready to tackle whatever comes my way.,2024-02-25 12:39:24,0
111,18,NULL,story,Feeling inspired by nature today.,2024-02-23 09:13:29,1
112,13,11,message,Feeling grateful for all the little things.,2024-02-26 22:07:54,0
113,14,11,message,Working on a new project,2024-02-23 09:47:02,0
114,13,15,message,Can't believe it's already Friday!,2024-02-23 04:58:52,0
115,17,NULL,story,one step at a time.,2024-02-24 13:21:26,1
116,12,13,message,Excited for the weekend ahead.,2024-02-26 23:05:52,0
117,17,NULL,story,Enjoying a quiet evening at home.,2024-02-26 07:33:39,1
118,17,2,message,wish me luck!,2024-02-23 23:21:29,0
119,15,1,message,Spent the day exploring new places.,2024-02-24 00:37:30,0
120,10,NULL,story,one step at a time.,2024-02-24 15:50:20,1
121,7,NULL,story,Trying to find the balance between work and play.,2024-02-25 08:06:13,1
122,10,NULL,story,Ready to tackle whatever comes my way.,2024-02-23 19:39:13,1
123,16,17,message,In need of some Monday motivation.,2024-02-25 20:54:40,0
124,2,NULL,story,Feeling blessed to have amazing friends and family.,2024-02-26 08:17:15,1
125,4,NULL,story,Time for some self-care and relaxation.,2024-02-26 02:07:37,1
126,14,6,message,stay strong.,2024-02-24 00:37:07,0
127,18,NULL,story,Feeling inspired by nature today.,2024-02-23 13:48:47,1
128,5,18,message,Feeling inspired by nature today.,2024-02-24 06:55:02,0
129,15,NULL,story,wish me luck!,2024-02-25 14:55:27,1
130,11,NULL,story,Feeling blessed to have amazing friends and family.,2024-02-23 11:35:07,1
131,20,NULL,story,New recipe experiment tonight,2024-02-23 13:14:38,1
132,3,NULL,story,In need of some Monday motivation.,2024-02-23 06:59:36,1
133,11,NULL,story,Celebrating small victories every day.,2024-02-23 16:01:48,1
134,19,9,message,Enjoying a quiet evening at home.,2024-02-24 14:58:22,0
135,5,NULL,story,Feeling grateful for all the little things.,2024-02-23 21:46:50,1
136,14,18,message,stay focused,2024-02-24 04:23:08,0
137,20,NULL,story,New recipe experiment tonight,2024-02-23 22:44:35,1
138,18,NULL,story,Always be kind to yourself and others.,2024-02-24 23:34:07,1
139,3,9,message,stay tuned!,2024-02-25 18:03:45,0
140,6,20,message,stay strong.,2024-02-26 20:16:49,0
141,4,20,message,Sending positive vibes your way!,2024-02-24 04:46:57,0
142,9,NULL,story,Working on a new project,2024-02-23 13:08:55,1
143,7,NULL,story,stay strong.,2024-02-26 08:32:21,1
144,9,NULL,story,Spent the day exploring new places.,2024-02-25 10:20:04,1
145,20,19,message,Enjoying a quiet evening at home.,2024-02-24 12:31:19,0
146,13,NULL,story,Feeling blessed to have amazing friends and family.,2024-02-23 21:40:10,1
147,15,NULL,story,Spent the day exploring new places.,2024-02-25 09:31:56,1
148,13,20,message,Grateful for this beautiful weather!,2024-02-24 13:37:34,0
149,3,8,message,feeling pumped!,2024-02-26 04:15:45,0
150,5,NULL,story,Can't believe it's already Friday!,2024-02-26 16:41:14,1
151,1,20,message,Dreaming big and aiming high.,2024-02-26 01:13:04,0
152,6,18,message,Feeling blessed to have amazing friends and family.,2024-02-24 04:35:09,0
153,11,20,message,wish me luck!,2024-02-25 22:39:07,0
154,6,8,message,Grateful for this beautiful weather!,2024-02-26 09:38:48,0
155,19,NULL,story,Dreaming big and aiming high.,2024-02-25 10:51:21,1
156,10,NULL,story,Grateful for this beautiful weather!,2024-02-25 21:17:20,1
157,13,10,message,Reflecting on the past year and setting new goals.,2024-02-23 17:04:55,0
158,7,NULL,story,Can't believe it's already Friday!,2024-02-23 19:06:35,1
159,20,NULL,story,Feeling grateful for all the little things.,2024-02-24 11:55:24,1
160,1,2,message,Sending positive vibes your way!,2024-02-24 06:58:37,0
161,10,9,message,In need of some Monday motivation.,2024-02-24 16:13:33,0
162,15,NULL,story,Feeling blessed to have amazing friends and family.,2024-02-24 02:24:52,1
163,14,19,message,Dreaming big and aiming high.,2024-02-26 20:03:58,0
164,8,4,message,Celebrating small victories every day.,2024-02-23 03:39:08,0
165,14,16,message,Dreaming big and aiming high.,2024-02-26 04:06:10,0
166,19,4,message,Just booked my next vacation,2024-02-24 18:36:36,0
167,10,NULL,story,Sending positive vibes your way!,2024-02-24 12:37:02,1
168,9,NULL,story,Love yourself first and everything else falls into place.,2024-02-24 06:45:46,1
169,10,NULL,story,Spent the day exploring new places.,2024-02-24 23:45:34,1
170,5,15,message,stay tuned!,2024-02-24 13:43:50,0
171,3,NULL,story,Nothing beats a good book and a cozy blanket.,2024-02-25 03:24:10,1
172,3,6,message,one step at a time.,2024-02-26 00:12:46,0
173,16,NULL,story,Embracing the journey,2024-02-25 18:57:17,1
174,14,3,message,Celebrating small victories every day.,2024-02-24 20:05:30,0
175,17,3,message,Remember to take breaks and recharge.,2024-02-23 22:35:47,0
176,14,13,message,Just booked my next vacation,2024-02-25 08:59:07,0
177,20,NULL,story,Time for some self-care and relaxation.,2024-02-26 02:22:43,1
178,19,9,message,Coffee is Life!,2024-02-26 13:17:49,0
179,20,1,message,Spent the day exploring new places.,2024-02-25 22:20:55,0
180,1,NULL,story,Just booked my next vacation,2024-02-23 06:25:50,1
181,13,18,message,Enjoying a quiet evening at home.,2024-02-23 15:57:54,0
182,2,NULL,story,Remember to take breaks and recharge.,2024-02-25 09:57:42,1
183,4,15,message,Ready to tackle whatever comes my way.,2024-02-23 19:00:52,0
184,18,NULL,story,Feeling grateful for all the little things.,2024-02-23 02:58:44,1
185,7,NULL,story,Enjoying a quiet evening at home.,2024-02-23 02:40:48,1
186,4,NULL,story,Embracing the journey,2024-02-23 05:14:54,1
187,3,16,message,Stay positive,2024-02-25 10:59:38,0
188,15,NULL,story,ust finished my workout,2024-02-24 22:50:29,1
189,17,NULL,story,Sometimes you just need to dance it out.,2024-02-25 21:16:57,1
190,1,19,message,Just booked my next vacation,2024-02-23 12:01:13,0
191,7,3,message,Remember to take breaks and recharge.,2024-02-24 15:07:13,0
192,18,9,message,Nothing beats a good book and a cozy blanket.,2024-02-23 19:24:18,0
193,18,16,message,Always be kind to yourself and others.,2024-02-26 18:56:39,0
194,19,NULL,story,feeling pumped!,2024-02-26 12:29:56,1
195,10,NULL,story,Enjoying a quiet evening at home.,2024-02-24 13:56:22,1
196,20,16,message,Feeling inspired by nature today.,2024-02-25 11:42:14,0
197,11,7,message,Celebrating small victories every day.,2024-02-26 14:28:58,0
198,16,NULL,story,stay tuned!,2024-02-24 11:20:32,1
199,1,NULL,story,ust finished my workout,2024-02-26 01:08:05,1
200,5,12,message,Excited for the weekend ahead.,2024-02-23 00:42:30,0
201,3,5,message,Grateful for this beautiful weather!,2024-02-23 00:37:18,0
202,6,NULL,story,In need of some Monday motivation.,2024-02-26 00:11:53,1
203,18,NULL,story,Grateful for this beautiful weather!,2024-02-23 09:34:50,1
204,11,NULL,story,Finally caught up on my favorite TV show.,2024-02-24 18:18:37,1
205,1,NULL,story,one step at a time.,2024-02-23 03:07:47,1
206,7,2,message,Nothing beats a good book and a cozy blanket.,2024-02-23 02:07:46,0
207,13,NULL,story,Love yourself first and everything else falls into place.,2024-02-26 08:05:51,1
208,9,1,message,Ready to tackle whatever comes my way.,2024-02-24 21:32:56,0
209,2,8,message,one step at a time.,2024-02-24 00:05:32,0
210,7,11,message,Just booked my next vacation,2024-02-26 10:13:58,0
211,1,NULL,story,Love yourself first and everything else falls into place.,2024-02-23 20:39:08,1
212,14,12,message,one step at a time.,2024-02-26 02:54:59,0
213,12,11,message,can't wait!,2024-02-23 10:55:21,0
214,1,8,message,Reflecting on the past year and setting new goals.,2024-02-24 20:42:16,0
215,1,12,message,Reflecting on the past year and setting new goals.,2024-02-26 04:04:45,0
216,11,NULL,story,wish me luck!,2024-02-24 11:51:40,1
217,20,2,message,Working on a new project,2024-02-24 18:27:33,0
218,12,NULL,story,Reflecting on the past year and setting new goals.,2024-02-26 10:24:57,1
219,9,NULL,story,stay tuned!,2024-02-23 17:24:49,1
220,4,20,message,Feeling inspired by nature today.,2024-02-24 02:16:55,0
221,13,7,message,stay strong.,2024-02-23 06:54:33,0
222,3,14,message,Embracing the journey,2024-02-25 14:54:17,0
223,20,NULL,story,stay tuned!,2024-02-23 20:56:04,1
224,4,8,message,Love yourself first and everything else falls into place.,2024-02-23 10:52:46,0
225,15,NULL,story,stay strong.,2024-02-26 21:08:40,1
226,4,NULL,story,Remember to take breaks and recharge.,2024-02-23 16:49:40,1
227,1,NULL,story,Can't believe it's already Friday!,2024-02-24 02:00:44,1
228,16,11,message,Remember to take breaks and recharge.,2024-02-24 14:05:50,0
229,15,NULL,story,In need of some Monday motivation.,2024-02-26 00:05:15,1
230,17,15,message,Always be kind to yourself and others.,2024-02-26 18:00:19,0
231,7,NULL,story,Grateful for this beautiful weather!,2024-02-23 16:00:27,1
232,8,NULL,story,Feeling inspired by nature today.,2024-02-26 00:47:30,1
233,19,NULL,story,feeling pumped!,2024-02-23 07:48:01,1
234,17,NULL,story,Ready to tackle whatever comes my way.,2024-02-25 11:38:09,1
235,8,7,message,stay focused,2024-02-24 20:11:01,0
236,2,NULL,story,Sending positive vibes your way!,2024-02-24 23:44:33,1
237,5,NULL,story,stay tuned!,2024-02-26 23:06:56,1
238,15,19,message,Dreaming big and aiming high.,2024-02-24 16:57:35,0
239,11,NULL,story,Working on a new project,2024-02-23 20:15:50,1
240,14,NULL,story,Stay positive,2024-02-24 02:15:41,1
241,20,NULL,story,Feeling inspired by nature today.,2024-02-26 14:35:09,1
242,18,19,message,Spent the day exploring new places.,2024-02-25 16:23:43,0
243,18,NULL,story,Feeling grateful for all the little things.,2024-02-24 08:34:41,1
244,9,16,message,Reflecting on the past year and setting new goals.,2024-02-26 20:48:50,0
245,1,NULL,story,Celebrating small victories every day.,2024-02-24 23:54:18,1
246,13,NULL,story,Reflecting on the past year and setting new goals.,2024-02-26 01:57:34,1
247,15,4,message,feeling pumped!,2024-02-24 02:59:26,0
248,12,NULL,story,can't wait!,2024-02-24 11:17:03,1
249,2,NULL,story,Feeling inspired by nature today.,2024-02-26 15:26:56,1
250,8,6,message,Spent the day exploring new places.,2024-02-25 06:19:38,0
251,12,NULL,story,Enjoying a quiet evening at home.,2024-02-26 18:18:35,1
252,18,5,message,Reflecting on the past year and setting new goals.,2024-02-23 20:25:37,0
253,2,4,message,Spent the day exploring new places.,2024-02-26 03:55:04,0
254,9,NULL,story,Taking a break from social media for a while.,2024-02-25 04:26:02,1
255,4,NULL,story,feeling pumped!,2024-02-24 02:16:55,1
256,4,NULL,story,Coffee is Life!,2024-02-24 09:04:40,1
257,11,11,message,Stay positive,2024-02-23 09:21:10,0
258,20,NULL,story,Excited for the weekend ahead.,2024-02-26 03:08:20,1
259,17,11,message,Stay positive,2024-02-24 02:13:19,0
260,9,NULL,story,Love yourself first and everything else falls into place.,2024-02-23 01:34:47,1
261,9,NULL,story,Feeling inspired by nature today.,2024-02-25 20:06:47,1
262,8,NULL,story,stay focused,2024-02-25 14:34:49,1
263,16,15,message,Love yourself first and everything else falls into place.,2024-02-25 06:46:13,0
264,4,NULL,story,Stay positive,2024-02-26 06:16:17,1
265,16,NULL,story,feeling pumped!,2024-02-25 18:20:31,1
266,9,9,message,Grateful for this beautiful weather!,2024-02-24 11:37:00,0
267,12,NULL,story,Finally caught up on my favorite TV show.,2024-02-24 14:44:47,1
268,14,NULL,story,Feeling blessed to have amazing friends and family.,2024-02-24 01:58:32,1
269,1,8,message,stay tuned!,2024-02-25 11:40:51,0
270,2,NULL,story,Time for some self-care and relaxation.,2024-02-25 14:44:06,1
271,16,4,message,Always be kind to yourself and others.,2024-02-23 08:11:57,0
272,4,NULL,story,Coffee is Life!,2024-02-23 14:31:54,1
273,16,NULL,story,Nothing beats a good book and a cozy blanket.,2024-02-23 03:59:35,1
274,17,15,message,can't wait!,2024-02-23 17:27:28,0
275,17,NULL,story,Finally caught up on my favorite TV show.,2024-02-23 13:31:40,1
276,8,NULL,story,Ready to tackle whatever comes my way.,2024-02-25 04:14:48,1
277,20,NULL,story,Can't believe it's already Friday!,2024-02-25 06:06:05,1
278,16,NULL,story,wish me luck!,2024-02-25 08:18:28,1
279,12,NULL,story,Feeling inspired by nature today.,2024-02-24 04:54:02,1
280,11,11,message,Feeling inspired by nature today.,2024-02-24 06:37:08,0
281,19,4,message,Celebrating small victories every day.,2024-02-26 21:47:05,0
282,15,NULL,story,New recipe experiment tonight,2024-02-26 06:57:09,1
283,12,19,message,New recipe experiment tonight,2024-02-24 05:25:38,0
284,19,9,message,Dreaming big and aiming high.,2024-02-25 01:46:30,0
285,2,NULL,story,Always be kind to yourself and others.,2024-02-23 14:49:09,1
286,19,7,message,Sending positive vibes your way!,2024-02-24 14:43:23,0
287,17,12,message,New recipe experiment tonight,2024-02-24 03:52:31,0
288,9,14,message,can't wait!,2024-02-25 03:43:16,0
289,5,2,message,Embracing the journey,2024-02-24 19:11:43,0
290,16,NULL,story,wish me luck!,2024-02-25 12:56:41,1
291,20,NULL,story,Finally caught up on my favorite TV show.,2024-02-24 01:54:59,1
292,16,NULL,story,Sometimes you just need to dance it out.,2024-02-26 01:48:34,1
293,17,9,message,Dreaming big and aiming high.,2024-02-26 13:21:28,0
294,13,NULL,story,Celebrating small victories every day.,2024-02-26 06:31:18,1
295,12,5,message,Sometimes you just need to dance it out.,2024-02-25 23:59:07,0
296,13,1,message,Feeling grateful for all the little things.,2024-02-24 06:17:52,0
297,11,NULL,story,Just booked my next vacation,2024-02-25 09:07:42,1
298,19,17,message,stay focused,2024-02-26 10:29:07,0
299,11,NULL,story,Feeling inspired by nature today.,2024-02-23 13:28:19,1
300,8,7,message,Feeling inspired by nature today.,2024-02-23 11:59:07,0
301,8,14,message,Just booked my next vacation,2024-02-23 09:43:02,0
302,2,NULL,story,Dreaming big and aiming high.,2024-02-25 13:04:37,1
303,16,16,message,Feeling blessed to have amazing friends and family.,2024-02-26 06:18:08,0
304,19,NULL,story,Feeling blessed to have amazing friends and family.,2024-02-24 00:57:19,1
305,19,NULL,story,Feeling inspired by nature today.,2024-02-26 19:06:20,1
306,17,16,message,Enjoying a quiet evening at home.,2024-02-24 22:27:01,0
307,7,NULL,story,Feeling blessed to have amazing friends and family.,2024-02-24 00:48:28,1
308,15,NULL,story,Spent the day exploring new places.,2024-02-24 22:39:31,1
309,9,NULL,story,Grateful for this beautiful weather!,2024-02-26 15:21:12,1
310,16,NULL,story,can't wait!,2024-02-26 13:43:41,1
311,18,NULL,story,Time for some self-care and relaxation.,2024-02-24 14:57:58,1
312,13,11,message,Reflecting on the past year and setting new goals.,2024-02-26 18:29:10,0
313,11,15,message,Sending positive vibes your way!,2024-02-25 03:04:39,0
314,1,3,message,Feeling blessed to have amazing friends and family.,2024-02-25 06:07:31,0
315,13,NULL,story,Feeling grateful for all the little things.,2024-02-25 08:14:53,1
316,18,NULL,story,Can't believe it's already Friday!,2024-02-25 07:07:53,1
317,20,11,message,New recipe experiment tonight,2024-02-26 09:16:48,0
318,18,6,message,Sometimes you just need to dance it out.,2024-02-26 20:47:22,0
319,18,1,message,stay strong.,2024-02-24 11:31:19,0
320,12,16,message,Sending positive vibes your way!,2024-02-24 05:22:14,0
321,4,7,message,ust finished my workout,2024-02-25 13:59:45,0
322,4,NULL,story,Nothing beats a good book and a cozy blanket.,2024-02-25 03:08:40,1
323,18,NULL,story,Just booked my next vacation,2024-02-24 17:59:43,1
324,15,NULL,story,Taking a break from social media for a while.,2024-02-25 18:37:21,1
325,9,NULL,story,can't wait!,2024-02-24 06:13:28,1
326,3,9,message,Love yourself first and everything else falls into place.,2024-02-25 05:57:06,0
327,12,11,message,Sending positive vibes your way!,2024-02-26 15:44:36,0
328,16,2,message,Sometimes you just need to dance it out.,2024-02-23 11:31:59,0
329,1,NULL,story,New recipe experiment tonight,2024-02-25 12:09:23,1
330,5,NULL,story,Trying to find the balance between work and play.,2024-02-25 11:08:12,1
331,12,NULL,story,Feeling grateful for all the little things.,2024-02-26 21:34:46,1
332,8,14,message,Ready to tackle whatever comes my way.,2024-02-24 02:23:42,0
333,2,NULL,story,Nothing beats a good book and a cozy blanket.,2024-02-26 09:17:55,1
334,10,NULL,story,Coffee is Life!,2024-02-25 02:50:39,1
335,20,12,message,Feeling grateful for all the little things.,2024-02-25 00:18:00,0
336,9,1,message,Sometimes you just need to dance it out.,2024-02-24 22:53:52,0
337,6,18,message,Enjoying a quiet evening at home.,2024-02-25 07:52:31,0
338,12,18,message,New recipe experiment tonight,2024-02-26 09:05:29,0
339,17,9,message,Reflecting on the past year and setting new goals.,2024-02-25 10:34:25,0
340,17,NULL,story,stay tuned!,2024-02-23 17:54:32,1
341,9,4,message,Nothing beats a good book and a cozy blanket.,2024-02-23 16:02:27,0
342,20,3,message,Nothing beats a good book and a cozy blanket.,2024-02-23 09:33:10,0
343,19,4,message,Sometimes you just need to dance it out.,2024-02-24 08:29:03,0
344,2,NULL,story,Remember to take breaks and recharge.,2024-02-25 15:19:17,1
345,11,NULL,story,one step at a time.,2024-02-24 14:04:10,1
346,6,4,message,Time for some self-care and relaxation.,2024-02-23 23:41:04,0
347,7,1,message,Time for some self-care and relaxation.,2024-02-23 14:21:36,0
348,8,NULL,story,Remember to take breaks and recharge.,2024-02-24 11:03:40,1
349,19,9,message,stay strong.,2024-02-26 19:12:25,0
350,14,NULL,story,stay focused,2024-02-26 20:20:33,1
351,14,7,message,Finally caught up on my favorite TV show.,2024-02-25 15:45:39,0
352,8,NULL,story,Feeling inspired by nature today.,2024-02-23 14:25:31,1
353,19,NULL,story,Just booked my next vacation,2024-02-25 07:18:44,1
354,2,NULL,story,Finally caught up on my favorite TV show.,2024-02-23 12:03:39,1
355,19,NULL,story,Excited for the weekend ahead.,2024-02-23 16:50:47,1
356,4,9,message,wish me luck!,2024-02-23 01:01:46,0
357,8,16,message,Grateful for this beautiful weather!,2024-02-24 16:13:44,0
358,15,4,message,one step at a time.,2024-02-24 23:12:30,0
359,13,15,message,Sending positive vibes your way!,2024-02-26 11:20:56,0
360,15,3,message,feeling pumped!,2024-02-23 18:11:27,0
361,10,NULL,story,Sending positive vibes your way!,2024-02-26 10:18:14,1
362,19,NULL,story,stay focused,2024-02-26 06:51:42,1
363,13,10,message,Sending positive vibes your way!,2024-02-24 18:26:19,0
364,1,NULL,story,Remember to take breaks and recharge.,2024-02-24 15:49:44,1
365,13,19,message,Enjoying a quiet evening at home.,2024-02-24 08:22:36,0
366,5,19,message,Enjoying a quiet evening at home.,2024-02-23 15:30:25,0
367,11,17,message,stay focused,2024-02-26 08:36:45,0
368,6,NULL,story,Feeling blessed to have amazing friends and family.,2024-02-26 02:43:10,1
369,15,13,message,one step at a time.,2024-02-23 12:08:20,0
370,5,1,message,New recipe experiment tonight,2024-02-23 14:39:40,0
371,5,NULL,story,Grateful for this beautiful weather!,2024-02-24 14:03:30,1
372,7,NULL,story,Nothing beats a good book and a cozy blanket.,2024-02-26 19:34:30,1
373,10,NULL,story,Just booked my next vacation,2024-02-26 13:17:39,1
374,10,NULL,story,Finally caught up on my favorite TV show.,2024-02-23 03:41:10,1
375,7,NULL,story,Sending positive vibes your way!,2024-02-23 13:06:21,1
376,16,NULL,story,Sending positive vibes your way!,2024-02-25 10:33:54,1
377,13,5,message,In need of some Monday motivation.,2024-02-25 21:52:13,0
378,7,NULL,story,Stay positive,2024-02-26 17:29:14,1
379,19,5,message,Always be kind to yourself and others.,2024-02-24 03:38:42,0
380,13,18,message,Celebrating small victories every day.,2024-02-24 20:29:49,0
381,13,16,message,stay tuned!,2024-02-25 07:55:14,0
382,12,10,message,ust finished my workout,2024-02-23 23:54:13,0
383,14,NULL,story,Stay positive,2024-02-26 21:54:09,1
384,9,NULL,story,Feeling grateful for all the little things.,2024-02-26 05:27:41,1
385,11,NULL,story,Feeling grateful for all the little things.,2024-02-23 03:06:10,1
386,2,15,message,Sending positive vibes your way!,2024-02-24 06:26:27,0
387,7,NULL,story,Stay positive,2024-02-24 23:09:50,1
388,8,NULL,story,Ready to tackle whatever comes my way.,2024-02-25 07:29:42,1
389,1,13,message,Can't believe it's already Friday!,2024-02-26 04:00:58,0
390,17,2,message,Spent the day exploring new places.,2024-02-24 08:34:11,0
391,7,NULL,story,can't wait!,2024-02-23 21:35:06,1
392,8,11,message,wish me luck!,2024-02-24 03:52:21,0
393,10,16,message,Feeling inspired by nature today.,2024-02-26 11:22:39,0
394,13,11,message,Working on a new project,2024-02-24 02:49:19,0
395,16,5,message,Taking a break from social media for a while.,2024-02-25 13:10:57,0
396,9,NULL,story,stay tuned!,2024-02-26 20:36:23,1
397,6,NULL,story,feeling pumped!,2024-02-26 13:55:22,1
398,9,NULL,story,Trying to find the balance between work and play.,2024-02-24 00:08:04,1
399,4,1,message,ust finished my workout,2024-02-25 07:05:26,0
400,1,NULL,story,New recipe experiment tonight,2024-02-23 04:56:48,1
401,6,19,message,Feeling inspired by nature today.,2024-02-23 07:59:51,0
402,7,17,message,Taking a break from social media for a while.,2024-02-25 03:58:22,0
403,5,5,message,one step at a time.,2024-02-26 02:28:39,0
404,7,NULL,story,stay focused,2024-02-25 10:56:46,1
405,3,19,message,Working on a new project,2024-02-26 18:00:28,0
406,19,NULL,story,Dreaming big and aiming high.,2024-02-26 18:06:14,1
407,15,10,message,feeling pumped!,2024-02-24 04:25:25,0
408,17,1,message,feeling pumped!,2024-02-23 02:33:57,0
409,18,NULL,story,can't wait!,2024-02-25 12:15:31,1
410,19,14,message,wish me luck!,2024-02-26 20:50:00,0
411,8,8,message,In need of some Monday motivation.,2024-02-23 11:55:08,0
412,19,9,message,Trying to find the balance between work and play.,2024-02-24 22:39:36,0
413,15,NULL,story,Love yourself first and everything else falls into place.,2024-02-24 19:35:32,1
414,2,NULL,story,Always be kind to yourself and others.,2024-02-23 11:08:08,1
415,6,20,message,Excited for the weekend ahead.,2024-02-25 21:50:45,0
416,13,NULL,story,Feeling grateful for all the little things.,2024-02-25 10:07:18,1
417,1,NULL,story,wish me luck!,2024-02-23 03:47:05,1
418,6,NULL,story,Stay positive,2024-02-24 03:41:42,1
419,6,NULL,story,Grateful for this beautiful weather!,2024-02-24 10:38:33,1
420,14,NULL,story,Remember to take breaks and recharge.,2024-02-26 06:03:16,1
421,3,2,message,Just booked my next vacation,2024-02-26 20:00:16,0
422,16,6,message,Embracing the journey,2024-02-24 03:43:43,0
423,20,NULL,story,Sometimes you just need to dance it out.,2024-02-25 20:55:05,1
424,8,4,message,Spent the day exploring new places.,2024-02-26 08:40:03,0
425,19,NULL,story,New recipe experiment tonight,2024-02-26 03:12:24,1
426,10,10,message,New recipe experiment tonight,2024-02-26 14:00:53,0
427,10,7,message,wish me luck!,2024-02-25 17:26:54,0
428,2,NULL,story,one step at a time.,2024-02-25 18:41:37,1
429,10,14,message,Dreaming big and aiming high.,2024-02-25 13:06:08,0
430,2,14,message,Finally caught up on my favorite TV show.,2024-02-26 03:18:04,0
431,14,12,message,Taking a break from social media for a while.,2024-02-25 18:32:59,0
432,8,NULL,story,Remember to take breaks and recharge.,2024-02-26 02:18:15,1
433,17,18,message,Remember to take breaks and recharge.,2024-02-23 01:45:09,0
434,1,NULL,story,Feeling inspired by nature today.,2024-02-26 23:34:21,1
435,17,NULL,story,Taking a break from social media for a while.,2024-02-26 12:34:22,1
436,18,8,message,stay focused,2024-02-26 11:59:51,0
437,11,7,message,feeling pumped!,2024-02-23 04:09:30,0
438,6,3,message,Feeling grateful for all the little things.,2024-02-25 08:04:17,0
439,9,NULL,story,can't wait!,2024-02-25 02:24:40,1
440,10,7,message,Ready to tackle whatever comes my way.,2024-02-23 22:23:36,0
441,7,16,message,Ready to tackle whatever comes my way.,2024-02-24 02:42:28,0
442,5,14,message,stay tuned!,2024-02-26 21:32:06,0
443,8,6,message,Enjoying a quiet evening at home.,2024-02-26 19:37:17,0
444,4,4,message,Feeling grateful for all the little things.,2024-02-23 16:48:59,0
445,15,16,message,Love yourself first and everything else falls into place.,2024-02-23 05:32:37,0
446,13,11,message,Time for some self-care and relaxation.,2024-02-24 10:14:24,0
447,20,9,message,feeling pumped!,2024-02-25 17:41:15,0
448,1,NULL,story,In need of some Monday motivation.,2024-02-25 18:17:01,1
449,2,NULL,story,stay focused,2024-02-23 01:28:23,1
450,12,NULL,story,stay tuned!,2024-02-24 17:30:56,1
451,6,17,message,ust finished my workout,2024-02-24 18:37:06,0
452,1,17,message,wish me luck!,2024-02-23 09:29:40,0
453,6,15,message,Always be kind to yourself and others.,2024-02-26 09:53:43,0
454,11,NULL,story,Nothing beats a good book and a cozy blanket.,2024-02-23 01:32:37,1
455,6,15,message,Ready to tackle whatever comes my way.,2024-02-26 13:09:56,0
456,3,8,message,Spent the day exploring new places.,2024-02-26 00:50:57,0
457,6,19,message,Ready to tackle whatever comes my way.,2024-02-26 20:47:53,0
458,15,NULL,story,Spent the day exploring new places.,2024-02-26 22:48:39,1
459,12,20,message,stay strong.,2024-02-26 00:50:35,0
460,12,NULL,story,Grateful for this beautiful weather!,2024-02-25 08:07:58,1
461,4,2,message,stay tuned!,2024-02-24 22:14:40,0
462,3,10,message,Can't believe it's already Friday!,2024-02-23 14:28:02,0
463,9,NULL,story,Sending positive vibes your way!,2024-02-25 05:50:46,1
464,15,20,message,Ready to tackle whatever comes my way.,2024-02-26 16:17:31,0
465,4,NULL,story,Nothing beats a good book and a cozy blanket.,2024-02-25 18:24:14,1
466,2,NULL,story,wish me luck!,2024-02-24 22:14:26,1
467,10,12,message,Enjoying a quiet evening at home.,2024-02-26 00:56:19,0
468,4,3,message,Time for some self-care and relaxation.,2024-02-26 13:34:48,0
469,12,16,message,Time for some self-care and relaxation.,2024-02-25 06:46:59,0
470,18,NULL,story,Love yourself first and everything else falls into place.,2024-02-23 13:46:53,1
471,8,11,message,Nothing beats a good book and a cozy blanket.,2024-02-25 06:30:56,0
472,7,NULL,story,New recipe experiment tonight,2024-02-23 10:11:32,1
473,15,NULL,story,Embracing the journey,2024-02-25 21:21:07,1
474,5,NULL,story,one step at a time.,2024-02-23 15:12:19,1
475,2,NULL,story,Feeling blessed to have amazing friends and family.,2024-02-23 21:01:39,1
476,2,13,message,one step at a time.,2024-02-23 23:44:10,0
477,8,NULL,story,Stay positive,2024-02-24 11:07:35,1
478,18,3,message,Ready to tackle whatever comes my way.,2024-02-26 18:54:53,0
479,12,NULL,story,Dreaming big and aiming high.,2024-02-25 23:32:53,1
480,17,NULL,story,Dreaming big and aiming high.,2024-02-24 08:51:41,1
481,9,NULL,story,wish me luck!,2024-02-24 04:11:24,1
482,19,NULL,story,Just booked my next vacation,2024-02-26 07:26:09,1
483,13,NULL,story,Spent the day exploring new places.,2024-02-24 01:44:19,1
484,1,3,message,Feeling grateful for all the little things.,2024-02-25 08:23:41,0
485,4,NULL,story,Coffee is Life!,2024-02-25 00:04:38,1
486,16,NULL,story,Always be kind to yourself and others.,2024-02-23 00:46:49,1
487,2,NULL,story,Can't believe it's already Friday!,2024-02-25 11:55:16,1
488,6,13,message,stay tuned!,2024-02-25 00:25:14,0
489,8,10,message,can't wait!,2024-02-26 14:31:40,0
490,4,1,message,Feeling blessed to have amazing friends and family.,2024-02-25 22:42:51,0
491,6,NULL,story,Spent the day exploring new places.,2024-02-24 01:37:50,1
492,20,NULL,story,Embracing the journey,2024-02-24 01:29:28,1
493,8,15,message,Feeling blessed to have amazing friends and family.,2024-02-23 13:12:53,0
494,3,NULL,story,Just booked my next vacation,2024-02-23 10:56:24,1
495,5,NULL,story,Time for some self-care and relaxation.,2024-02-23 05:35:11,1
496,17,13,message,New recipe experiment tonight,2024-02-25 09:29:13,0
497,7,2,message,Feeling blessed to have amazing friends and family.,2024-02-25 14:03:28,0
498,11,15,message,Feeling grateful for all the little things.,2024-02-23 14:50:20,0
499,13,NULL,story,Excited for the weekend ahead.,2024-02-24 19:23:11,1
500,16,2,message,Spent the day exploring new places.,2024-02-23 23:11:40,0
501,12,NULL,story,Grateful for this beautiful weather!,2024-02-26 03:50:22,1
502,20,1,message,Celebrating small victories every day.,2024-02-25 20:50:47,0
503,19,NULL,story,can't wait!,2024-02-25 03:07:06,1
504,1,12,message,Grateful for this beautiful weather!,2024-02-25 22:30:16,0
505,10,7,message,New recipe experiment tonight,2024-02-26 23:05:43,0
506,14,NULL,story,Celebrating small victories every day.,2024-02-26 01:43:54,1
507,15,17,message,Working on a new project,2024-02-23 18:52:45,0
508,10,9,message,Feeling grateful for all the little things.,2024-02-25 16:24:35,0
509,5,NULL,story,Can't believe it's already Friday!,2024-02-24 05:18:58,1
510,19,NULL,story,Embracing the journey,2024-02-23 17:28:13,1
511,10,NULL,story,Feeling inspired by nature today.,2024-02-26 21:56:41,1
512,7,6,message,one step at a time.,2024-02-24 17:12:34,0
513,2,20,message,stay tuned!,2024-02-25 16:26:27,0
514,9,6,message,In need of some Monday motivation.,2024-02-23 22:28:01,0
515,5,NULL,story,Love yourself first and everything else falls into place.,2024-02-23 17:37:25,1
516,15,NULL,story,Sending positive vibes your way!,2024-02-26 06:00:32,1
517,15,5,message,Time for some self-care and relaxation.,2024-02-25 18:01:07,0
518,15,NULL,story,feeling pumped!,2024-02-26 21:57:02,1
519,1,NULL,story,stay focused,2024-02-23 23:03:17,1
520,1,NULL,story,Always be kind to yourself and others.,2024-02-26 04:39:04,1
521,5,17,message,Taking a break from social media for a while.,2024-02-26 15:13:30,0
522,7,11,message,ust finished my workout,2024-02-26 14:04:30,0
523,17,7,message,Enjoying a quiet evening at home.,2024-02-26 08:22:56,0
524,12,3,message,Love yourself first and everything else falls into place.,2024-02-25 05:21:42,0
525,18,NULL,story,Ready to tackle whatever comes my way.,2024-02-23 18:10:47,1
526,20,9,message,Sending positive vibes your way!,2024-02-26 06:10:16,0
527,12,10,message,feeling pumped!,2024-02-23 22:47:41,0
528,14,9,message,Spent the day exploring new places.,2024-02-25 07:30:29,0
529,19,NULL,story,Taking a break from social media for a while.,2024-02-24 00:02:03,1
530,1,14,message,Coffee is Life!,2024-02-23 19:43:46,0
531,7,19,message,Ready to tackle whatever comes my way.,2024-02-23 04:41:59,0
532,10,NULL,story,Can't believe it's already Friday!,2024-02-24 14:27:16,1
533,9,17,message,Celebrating small victories every day.,2024-02-23 15:35:44,0
534,11,10,message,Celebrating small victories every day.,2024-02-25 19:56:27,0
535,12,NULL,story,Can't believe it's already Friday!,2024-02-24 17:18:07,1
536,4,NULL,story,Just booked my next vacation,2024-02-26 20:29:59,1
537,8,NULL,story,Reflecting on the past year and setting new goals.,2024-02-26 06:41:01,1
538,4,NULL,story,Ready to tackle whatever comes my way.,2024-02-26 21:30:44,1
539,5,NULL,story,Embracing the journey,2024-02-24 03:04:07,1
540,4,NULL,story,Celebrating small victories every day.,2024-02-24 09:57:01,1
541,17,6,message,can't wait!,2024-02-25 01:34:42,0
542,8,NULL,story,wish me luck!,2024-02-26 13:12:27,1
543,13,NULL,story,Feeling blessed to have amazing friends and family.,2024-02-24 17:15:15,1
544,13,16,message,Stay positive,2024-02-23 06:23:00,0
545,3,NULL,story,Working on a new project,2024-02-25 13:55:36,1
546,12,NULL,story,Ready to tackle whatever comes my way.,2024-02-23 15:48:48,1
547,11,NULL,story,Always be kind to yourself and others.,2024-02-25 03:00:45,1
548,4,17,message,Sending positive vibes your way!,2024-02-25 12:13:51,0
549,15,11,message,Dreaming big and aiming high.,2024-02-26 11:45:31,0
550,11,NULL,story,Finally caught up on my favorite TV show.,2024-02-25 01:48:34,1
551,1,NULL,story,Celebrating small victories every day.,2024-02-25 17:57:53,1
552,19,9,message,one step at a time.,2024-02-23 06:22:01,0
553,20,NULL,story,Spent the day exploring new places.,2024-02-26 11:37:11,1
554,3,10,message,Grateful for this beautiful weather!,2024-02-24 13:04:04,0
555,12,NULL,story,Spent the day exploring new places.,2024-02-24 04:12:10,1
556,10,NULL,story,feeling pumped!,2024-02-24 04:01:58,1
557,4,19,message,Feeling blessed to have amazing friends and family.,2024-02-23 05:20:45,0
558,13,1,message,Feeling blessed to have amazing friends and family.,2024-02-23 09:31:14,0
559,11,13,message,New recipe experiment tonight,2024-02-24 04:23:30,0
560,7,NULL,story,Reflecting on the past year and setting new goals.,2024-02-24 20:15:26,1
561,14,6,message,New recipe experiment tonight,2024-02-24 04:06:48,0
562,5,5,message,New recipe experiment tonight,2024-02-24 10:17:42,0
563,15,NULL,story,Dreaming big and aiming high.,2024-02-24 23:06:47,1
564,19,9,message,Celebrating small victories every day.,2024-02-25 20:38:20,0
565,5,7,message,Sometimes you just need to dance it out.,2024-02-25 16:08:27,0
566,19,NULL,story,New recipe experiment tonight,2024-02-24 04:07:30,1
567,13,6,message,ust finished my workout,2024-02-24 04:41:45,0
568,18,7,message,Sometimes you just need to dance it out.,2024-02-24 22:00:55,0
569,16,7,message,Coffee is Life!,2024-02-25 11:23:43,0
570,6,6,message,Always be kind to yourself and others.,2024-02-23 08:21:07,0
571,11,NULL,story,Remember to take breaks and recharge.,2024-02-25 01:55:13,1
572,6,7,message,Just booked my next vacation,2024-02-24 08:16:23,0
573,7,5,message,Love yourself first and everything else falls into place.,2024-02-24 15:39:16,0
574,16,17,message,In need of some Monday motivation.,2024-02-23 23:20:32,0
575,17,11,message,Finally caught up on my favorite TV show.,2024-02-23 08:25:41,0
576,9,9,message,Always be kind to yourself and others.,2024-02-25 13:17:06,0
577,4,20,message,Feeling grateful for all the little things.,2024-02-24 16:02:48,0
578,8,18,message,Nothing beats a good book and a cozy blanket.,2024-02-26 07:09:55,0
579,19,9,message,Taking a break from social media for a while.,2024-02-23 16:15:25,0
580,1,6,message,Time for some self-care and relaxation.,2024-02-23 23:54:11,0
581,6,NULL,story,Time for some self-care and relaxation.,2024-02-23 10:31:48,1
582,8,NULL,story,feeling pumped!,2024-02-25 09:18:17,1
583,11,NULL,story,Can't believe it's already Friday!,2024-02-25 18:38:55,1
584,13,19,message,Coffee is Life!,2024-02-24 05:50:26,0
585,16,7,message,Enjoying a quiet evening at home.,2024-02-25 10:13:21,0
586,3,16,message,stay tuned!,2024-02-26 14:12:03,0
587,2,15,message,stay strong.,2024-02-26 11:38:32,0
588,6,NULL,story,stay tuned!,2024-02-25 17:32:30,1
589,7,16,message,Reflecting on the past year and setting new goals.,2024-02-24 06:41:12,0
590,9,NULL,story,Time for some self-care and relaxation.,2024-02-23 04:34:54,1
591,6,NULL,story,Stay positive,2024-02-24 14:45:12,1
592,2,14,message,stay tuned!,2024-02-24 16:28:16,0
593,14,9,message,Dreaming big and aiming high.,2024-02-24 05:22:00,0
594,8,20,message,Coffee is Life!,2024-02-24 17:45:41,0
595,13,14,message,Spent the day exploring new places.,2024-02-25 00:46:58,0
596,15,18,message,Embracing the journey,2024-02-24 13:18:31,0
597,13,10,message,Feeling blessed to have amazing friends and family.,2024-02-25 12:11:31,0
598,20,NULL,story,Sometimes you just need to dance it out.,2024-02-23 16:27:18,1
599,10,NULL,story,Excited for the weekend ahead.,2024-02-26 06:27:57,1
600,4,NULL,story,Time for some self-care and relaxation.,2024-02-23 09:07:41,1
601,9,12,message,Always be kind to yourself and others.,2024-02-26 06:10:30,0
602,8,NULL,story,stay focused,2024-02-24 14:52:22,1
603,20,NULL,story,Celebrating small victories every day.,2024-02-26 06:34:19,1
604,14,NULL,story,Working on a new project,2024-02-24 20:45:15,1
605,16,3,message,Sometimes you just need to dance it out.,2024-02-24 10:25:48,0
606,16,12,message,stay tuned!,2024-02-26 23:07:48,0
607,17,NULL,story,Celebrating small victories every day.,2024-02-23 17:06:49,1
608,19,9,message,Reflecting on the past year and setting new goals.,2024-02-25 04:43:03,0
609,19,NULL,story,Trying to find the balance between work and play.,2024-02-24 18:55:18,1
610,1,NULL,story,Sometimes you just need to dance it out.,2024-02-26 03:39:48,1
611,17,17,message,Dreaming big and aiming high.,2024-02-23 11:10:49,0
612,4,20,message,Feeling blessed to have amazing friends and family.,2024-02-25 10:43:04,0
613,10,NULL,story,Reflecting on the past year and setting new goals.,2024-02-23 07:22:47,1
614,3,NULL,story,Grateful for this beautiful weather!,2024-02-26 16:40:44,1
615,4,NULL,story,one step at a time.,2024-02-23 17:04:19,1
616,14,20,message,Coffee is Life!,2024-02-23 16:09:39,0
617,3,NULL,story,Can't believe it's already Friday!,2024-02-26 15:16:28,1
618,13,14,message,Feeling blessed to have amazing friends and family.,2024-02-26 09:56:51,0
619,14,NULL,story,Finally caught up on my favorite TV show.,2024-02-23 15:22:05,1
620,9,NULL,story,wish me luck!,2024-02-26 22:03:15,1
621,20,NULL,story,Enjoying a quiet evening at home.,2024-02-23 21:35:40,1
622,17,NULL,story,Feeling inspired by nature today.,2024-02-26 06:04:58,1
623,17,NULL,story,Can't believe it's already Friday!,2024-02-26 09:13:10,1
624,8,NULL,story,Dreaming big and aiming high.,2024-02-26 15:23:26,1
625,2,18,message,Sending positive vibes your way!,2024-02-23 12:27:59,0
626,10,14,message,Just booked my next vacation,2024-02-24 23:50:06,0
627,11,11,message,Spent the day exploring new places.,2024-02-23 03:53:48,0
628,15,4,message,Finally caught up on my favorite TV show.,2024-02-26 09:07:14,0
629,9,NULL,story,stay tuned!,2024-02-23 15:09:13,1
630,8,8,message,ust finished my workout,2024-02-25 14:24:30,0
631,18,NULL,story,wish me luck!,2024-02-23 04:34:52,1
632,14,NULL,story,wish me luck!,2024-02-25 20:20:20,1
633,6,17,message,Always be kind to yourself and others.,2024-02-25 05:04:59,0
634,9,16,message,Working on a new project,2024-02-24 23:15:46,0
635,4,20,message,Dreaming big and aiming high.,2024-02-24 22:07:23,0
636,19,9,message,feeling pumped!,2024-02-26 16:19:14,0
637,13,NULL,story,Feeling blessed to have amazing friends and family.,2024-02-25 02:56:29,1
638,13,NULL,story,Reflecting on the past year and setting new goals.,2024-02-24 08:37:12,1
639,12,NULL,story,Coffee is Life!,2024-02-24 21:32:16,1
640,16,11,message,stay strong.,2024-02-24 16:30:37,0
641,16,NULL,story,one step at a time.,2024-02-26 17:44:09,1
642,20,NULL,story,ust finished my workout,2024-02-25 18:55:33,1
643,11,20,message,In need of some Monday motivation.,2024-02-25 09:52:20,0
644,18,NULL,story,Trying to find the balance between work and play.,2024-02-23 13:41:08,1
645,20,NULL,story,feeling pumped!,2024-02-24 07:24:52,1
646,14,2,message,one step at a time.,2024-02-24 10:56:33,0
647,9,NULL,story,feeling pumped!,2024-02-23 09:58:15,1
648,15,NULL,story,Taking a break from social media for a while.,2024-02-25 23:29:56,1
649,17,4,message,Can't believe it's already Friday!,2024-02-26 17:27:40,0
650,12,NULL,story,Feeling grateful for all the little things.,2024-02-24 06:40:26,1
651,19,NULL,story,Can't believe it's already Friday!,2024-02-25 11:22:16,1
652,14,NULL,story,Excited for the weekend ahead.,2024-02-23 08:47:10,1
653,17,NULL,story,Spent the day exploring new places.,2024-02-26 11:53:54,1
654,16,2,message,Feeling inspired by nature today.,2024-02-26 16:42:18,0
655,6,14,message,stay focused,2024-02-24 04:51:23,0
656,20,13,message,one step at a time.,2024-02-25 18:52:32,0
657,12,NULL,story,ust finished my workout,2024-02-24 06:57:25,1
658,7,NULL,story,Working on a new project,2024-02-26 04:14:40,1
659,9,16,message,stay focused,2024-02-23 22:02:21,0
660,15,6,message,stay strong.,2024-02-24 12:21:11,0
661,11,1,message,ust finished my workout,2024-02-23 23:25:16,0
662,18,NULL,story,In need of some Monday motivation.,2024-02-26 17:11:12,1
663,6,2,message,Spent the day exploring new places.,2024-02-24 09:40:21,0
664,17,15,message,Finally caught up on my favorite TV show.,2024-02-24 16:09:18,0
665,6,19,message,Working on a new project,2024-02-23 06:28:29,0
666,16,NULL,story,Coffee is Life!,2024-02-25 08:38:02,1
667,1,2,message,Enjoying a quiet evening at home.,2024-02-25 23:56:38,0
668,12,1,message,Ready to tackle whatever comes my way.,2024-02-24 01:05:25,0
669,7,7,message,Time for some self-care and relaxation.,2024-02-25 07:29:03,0
670,7,NULL,story,one step at a time.,2024-02-25 09:49:30,1
671,1,8,message,Enjoying a quiet evening at home.,2024-02-25 06:24:09,0
672,13,NULL,story,Feeling inspired by nature today.,2024-02-23 14:42:13,1
673,14,15,message,Celebrating small victories every day.,2024-02-25 12:28:23,0
674,11,NULL,story,wish me luck!,2024-02-25 18:32:38,1
675,4,NULL,story,Stay positive,2024-02-23 14:26:03,1
676,10,NULL,story,Feeling grateful for all the little things.,2024-02-25 00:37:23,1
677,18,18,message,Can't believe it's already Friday!,2024-02-23 09:44:34,0
678,2,NULL,story,Enjoying a quiet evening at home.,2024-02-26 23:30:56,1
679,17,16,message,can't wait!,2024-02-24 19:21:38,0
680,3,14,message,In need of some Monday motivation.,2024-02-25 03:56:51,0
681,9,NULL,story,Sometimes you just need to dance it out.,2024-02-23 19:16:34,1
682,1,12,message,Trying to find the balance between work and play.,2024-02-23 01:39:57,0
683,1,19,message,stay strong.,2024-02-23 02:45:49,0
684,17,NULL,story,In need of some Monday motivation.,2024-02-23 11:45:09,1
685,8,NULL,story,Sending positive vibes your way!,2024-02-25 23:59:10,1
686,16,NULL,story,Coffee is Life!,2024-02-24 16:15:04,1
687,15,NULL,story,Remember to take breaks and recharge.,2024-02-24 10:36:35,1
688,4,NULL,story,Just booked my next vacation,2024-02-24 20:21:01,1
689,14,14,message,Ready to tackle whatever comes my way.,2024-02-25 01:23:08,0
690,6,5,message,In need of some Monday motivation.,2024-02-24 12:59:04,0
691,6,NULL,story,Trying to find the balance between work and play.,2024-02-24 19:56:46,1
692,1,13,message,Stay positive,2024-02-25 23:18:43,0
693,11,NULL,story,Sometimes you just need to dance it out.,2024-02-26 23:16:14,1
694,17,15,message,Enjoying a quiet evening at home.,2024-02-26 00:47:39,0
695,2,12,message,Excited for the weekend ahead.,2024-02-25 20:24:48,0
696,19,NULL,story,Celebrating small victories every day.,2024-02-26 19:35:04,1
697,6,2,message,wish me luck!,2024-02-26 21:24:32,0
698,14,NULL,story,Reflecting on the past year and setting new goals.,2024-02-24 22:10:11,1
699,18,NULL,story,Feeling grateful for all the little things.,2024-02-26 01:09:34,1
700,12,NULL,story,feeling pumped!,2024-02-25 01:37:29,1
701,18,NULL,story,stay focused,2024-02-26 00:17:48,1
702,4,NULL,story,Stay positive,2024-02-24 08:23:33,1
703,15,16,message,feeling pumped!,2024-02-23 16:51:43,0
704,14,14,message,Trying to find the balance between work and play.,2024-02-26 23:45:45,0
705,3,NULL,story,Always be kind to yourself and others.,2024-02-25 11:02:39,1
706,7,NULL,story,Can't believe it's already Friday!,2024-02-26 19:14:57,1
707,17,3,message,Just booked my next vacation,2024-02-26 05:14:23,0
708,4,NULL,story,stay focused,2024-02-23 00:27:21,1
709,8,1,message,Time for some self-care and relaxation.,2024-02-23 18:20:01,0
710,2,1,message,Finally caught up on my favorite TV show.,2024-02-26 02:48:50,0
711,16,15,message,Taking a break from social media for a while.,2024-02-23 03:12:55,0
712,13,NULL,story,Feeling inspired by nature today.,2024-02-23 02:47:36,1
713,6,4,message,Just booked my next vacation,2024-02-23 01:49:29,0
714,17,10,message,Trying to find the balance between work and play.,2024-02-25 09:39:24,0
715,16,7,message,Stay positive,2024-02-23 01:08:07,0
716,1,13,message,Excited for the weekend ahead.,2024-02-25 01:07:39,0
717,6,14,message,In need of some Monday motivation.,2024-02-26 22:30:04,0
718,8,11,message,wish me luck!,2024-02-26 09:09:36,0
719,4,7,message,Sending positive vibes your way!,2024-02-23 04:47:57,0
720,10,12,message,Grateful for this beautiful weather!,2024-02-24 12:52:39,0
721,15,NULL,story,stay focused,2024-02-26 04:12:44,1
722,1,3,message,Celebrating small victories every day.,2024-02-23 14:28:40,0
723,7,NULL,story,Just booked my next vacation,2024-02-24 10:48:07,1
724,12,NULL,story,Remember to take breaks and recharge.,2024-02-26 15:41:55,1
725,2,6,message,feeling pumped!,2024-02-25 04:36:29,0
726,5,NULL,story,Stay positive,2024-02-25 15:22:47,1
727,8,7,message,Feeling blessed to have amazing friends and family.,2024-02-23 19:43:35,0
728,18,NULL,story,Reflecting on the past year and setting new goals.,2024-02-23 13:31:25,1
729,4,NULL,story,Feeling inspired by nature today.,2024-02-26 03:58:02,1
730,1,6,message,Finally caught up on my favorite TV show.,2024-02-24 08:57:38,0
731,13,NULL,story,one step at a time.,2024-02-24 03:50:00,1
732,3,NULL,story,Nothing beats a good book and a cozy blanket.,2024-02-26 18:48:50,1
733,19,1,message,Celebrating small victories every day.,2024-02-23 17:21:45,0
734,1,NULL,story,Sending positive vibes your way!,2024-02-25 16:13:44,1
735,6,NULL,story,stay tuned!,2024-02-25 07:12:57,1
736,15,20,message,Dreaming big and aiming high.,2024-02-23 04:20:45,0
737,8,NULL,story,Always be kind to yourself and others.,2024-02-26 07:57:37,1
738,7,NULL,story,New recipe experiment tonight,2024-02-24 02:07:21,1
739,19,1,message,Embracing the journey,2024-02-23 12:50:25,0
740,13,4,message,Working on a new project,2024-02-23 10:38:01,0
741,17,NULL,story,Nothing beats a good book and a cozy blanket.,2024-02-25 21:27:28,1
742,13,3,message,Sometimes you just need to dance it out.,2024-02-26 13:32:03,0
743,11,NULL,story,Coffee is Life!,2024-02-26 23:28:57,1
744,13,7,message,Taking a break from social media for a while.,2024-02-24 13:41:11,0
745,5,NULL,story,Sending positive vibes your way!,2024-02-26 13:58:51,1
746,19,NULL,story,can't wait!,2024-02-25 22:51:42,1
747,9,10,message,Taking a break from social media for a while.,2024-02-26 09:22:04,0
748,8,5,message,Stay positive,2024-02-26 05:03:01,0
749,20,6,message,stay focused,2024-02-24 11:08:26,0
750,4,NULL,story,Sending positive vibes your way!,2024-02-26 07:15:04,1
751,12,9,message,Time for some self-care and relaxation.,2024-02-25 03:45:40,0
752,5,17,message,Feeling blessed to have amazing friends and family.,2024-02-24 02:03:51,0
753,5,NULL,story,Embracing the journey,2024-02-23 06:11:14,1
754,16,NULL,story,Sending positive vibes your way!,2024-02-26 06:40:53,1
755,8,NULL,story,Time for some self-care and relaxation.,2024-02-26 15:31:57,1
756,12,NULL,story,Ready to tackle whatever comes my way.,2024-02-26 07:25:48,1
757,20,NULL,story,Sometimes you just need to dance it out.,2024-02-26 04:43:28,1
758,4,6,message,Sometimes you just need to dance it out.,2024-02-24 07:43:13,0
759,7,NULL,story,Working on a new project,2024-02-26 09:50:00,1
760,2,15,message,one step at a time.,2024-02-26 08:47:57,0
761,10,NULL,story,ust finished my workout,2024-02-23 10:59:02,1
762,10,NULL,story,Time for some self-care and relaxation.,2024-02-25 10:04:25,1
763,8,17,message,Always be kind to yourself and others.,2024-02-23 15:31:45,0
764,13,NULL,story,Finally caught up on my favorite TV show.,2024-02-23 08:00:58,1
765,13,4,message,Stay positive,2024-02-25 20:50:31,0
766,13,NULL,story,Can't believe it's already Friday!,2024-02-26 13:24:06,1
767,2,NULL,story,Nothing beats a good book and a cozy blanket.,2024-02-23 20:43:03,1
768,5,4,message,New recipe experiment tonight,2024-02-26 06:56:35,0
769,3,4,message,In need of some Monday motivation.,2024-02-24 09:15:54,0
770,5,20,message,Sometimes you just need to dance it out.,2024-02-25 21:58:48,0
771,10,8,message,stay tuned!,2024-02-24 19:05:02,0
772,5,18,message,Taking a break from social media for a while.,2024-02-23 08:55:23,0
773,9,NULL,story,Feeling blessed to have amazing friends and family.,2024-02-23 02:14:17,1
774,14,NULL,story,stay focused,2024-02-23 23:41:38,1
775,11,NULL,story,Reflecting on the past year and setting new goals.,2024-02-24 02:03:52,1
776,7,NULL,story,Embracing the journey,2024-02-25 13:04:31,1
777,8,NULL,story,Sending positive vibes your way!,2024-02-23 15:04:57,1
778,3,NULL,story,New recipe experiment tonight,2024-02-24 15:52:54,1
779,13,NULL,story,Celebrating small victories every day.,2024-02-24 01:52:29,1
780,9,NULL,story,Sometimes you just need to dance it out.,2024-02-25 11:49:59,1
781,19,NULL,story,Dreaming big and aiming high.,2024-02-23 17:53:32,1
782,5,13,message,Stay positive,2024-02-23 10:18:40,0
783,15,3,message,Sending positive vibes your way!,2024-02-26 15:06:51,0
784,8,9,message,Time for some self-care and relaxation.,2024-02-26 02:22:26,0
785,10,NULL,story,Enjoying a quiet evening at home.,2024-02-23 16:51:33,1
786,12,NULL,story,Taking a break from social media for a while.,2024-02-23 23:21:17,1
787,6,NULL,story,one step at a time.,2024-02-24 16:17:27,1
788,5,NULL,story,Ready to tackle whatever comes my way.,2024-02-25 15:06:44,1
789,14,8,message,Coffee is Life!,2024-02-24 19:00:10,0
790,14,12,message,stay tuned!,2024-02-23 12:10:09,0
791,16,NULL,story,one step at a time.,2024-02-23 15:21:21,1
792,15,NULL,story,Embracing the journey,2024-02-23 22:51:09,1
793,17,NULL,story,Feeling grateful for all the little things.,2024-02-24 15:10:59,1
794,13,7,message,Ready to tackle whatever comes my way.,2024-02-24 11:16:52,0
795,2,19,message,New recipe experiment tonight,2024-02-25 06:18:14,0
796,11,11,message,Dreaming big and aiming high.,2024-02-23 10:46:03,0
797,9,NULL,story,can't wait!,2024-02-26 18:32:34,1
798,2,17,message,Celebrating small victories every day.,2024-02-24 09:57:39,0
799,6,NULL,story,Celebrating small victories every day.,2024-02-24 03:38:54,1
800,8,7,message,Taking a break from social media for a while.,2024-02-25 23:07:56,0
801,13,NULL,story,stay tuned!,2024-02-26 07:55:32,1
802,14,1,message,ust finished my workout,2024-02-25 04:42:42,0
803,13,5,message,Embracing the journey,2024-02-23 21:36:55,0
804,4,NULL,story,Excited for the weekend ahead.,2024-02-24 17:13:37,1
805,18,NULL,story,Embracing the journey,2024-02-25 19:38:11,1
806,13,NULL,story,Embracing the journey,2024-02-25 14:38:03,1
807,15,NULL,story,Embracing the journey,2024-02-25 15:11:02,1
808,5,12,message,New recipe experiment tonight,2024-02-23 06:49:48,0
809,20,2,message,stay tuned!,2024-02-24 15:34:58,0
810,19,6,message,Grateful for this beautiful weather!,2024-02-24 13:32:00,0
811,19,NULL,story,Finally caught up on my favorite TV show.,2024-02-24 10:00:59,1
812,12,19,message,Nothing beats a good book and a cozy blanket.,2024-02-26 20:08:51,0
813,4,NULL,story,Enjoying a quiet evening at home.,2024-02-23 10:23:35,1
814,16,NULL,story,Love yourself first and everything else falls into place.,2024-02-25 07:35:21,1
815,18,NULL,story,stay tuned!,2024-02-26 11:40:03,1
816,14,2,message,Finally caught up on my favorite TV show.,2024-02-23 12:59:30,0
817,10,NULL,story,Can't believe it's already Friday!,2024-02-23 18:10:49,1
818,2,16,message,Embracing the journey,2024-02-23 08:04:44,0
819,7,NULL,story,Love yourself first and everything else falls into place.,2024-02-24 23:51:57,1
820,6,19,message,Trying to find the balance between work and play.,2024-02-24 17:28:31,0
821,3,7,message,Feeling grateful for all the little things.,2024-02-26 00:10:24,0
822,13,14,message,Reflecting on the past year and setting new goals.,2024-02-23 16:23:33,0
823,1,6,message,In need of some Monday motivation.,2024-02-25 19:34:43,0
824,3,NULL,story,Feeling grateful for all the little things.,2024-02-26 04:58:26,1
825,7,11,message,Trying to find the balance between work and play.,2024-02-26 11:40:43,0
826,13,NULL,story,Stay positive,2024-02-25 20:50:34,1
827,4,NULL,story,Embracing the journey,2024-02-23 18:05:03,1
828,8,9,message,stay focused,2024-02-25 14:44:56,0
829,13,NULL,story,Grateful for this beautiful weather!,2024-02-25 22:43:13,1
830,3,1,message,Spent the day exploring new places.,2024-02-23 14:41:31,0
831,1,13,message,Embracing the journey,2024-02-23 09:01:31,0
832,16,NULL,story,Sometimes you just need to dance it out.,2024-02-25 05:48:43,1
833,2,19,message,Coffee is Life!,2024-02-24 06:29:01,0
834,11,16,message,feeling pumped!,2024-02-25 12:23:04,0
835,4,19,message,Feeling grateful for all the little things.,2024-02-26 02:37:36,0
836,15,NULL,story,Celebrating small victories every day.,2024-02-26 18:34:02,1
837,15,5,message,Finally caught up on my favorite TV show.,2024-02-26 10:52:47,0
838,19,NULL,story,In need of some Monday motivation.,2024-02-26 06:45:08,1
839,4,NULL,story,Sometimes you just need to dance it out.,2024-02-25 16:44:57,1
840,4,17,message,Love yourself first and everything else falls into place.,2024-02-25 13:02:21,0
841,11,17,message,Dreaming big and aiming high.,2024-02-23 10:57:51,0
842,10,NULL,story,Enjoying a quiet evening at home.,2024-02-23 10:46:50,1
843,1,NULL,story,stay focused,2024-02-24 22:57:43,1
844,16,16,message,feeling pumped!,2024-02-26 19:53:04,0
845,4,11,message,Ready to tackle whatever comes my way.,2024-02-23 18:34:28,0
846,20,NULL,story,Grateful for this beautiful weather!,2024-02-25 10:46:49,1
847,20,NULL,story,Nothing beats a good book and a cozy blanket.,2024-02-25 20:22:28,1
848,19,NULL,story,Enjoying a quiet evening at home.,2024-02-23 04:42:38,1
849,7,10,message,Feeling blessed to have amazing friends and family.,2024-02-24 10:23:22,0
850,20,8,message,Sometimes you just need to dance it out.,2024-02-26 06:46:55,0
851,1,NULL,story,wish me luck!,2024-02-23 17:14:30,1
852,6,NULL,story,Nothing beats a good book and a cozy blanket.,2024-02-25 20:50:14,1
853,2,7,message,Finally caught up on my favorite TV show.,2024-02-24 02:07:38,0
854,10,NULL,story,wish me luck!,2024-02-26 21:47:10,1
855,3,11,message,Finally caught up on my favorite TV show.,2024-02-23 04:41:02,0
856,7,9,message,feeling pumped!,2024-02-26 04:22:59,0
857,16,NULL,story,Sometimes you just need to dance it out.,2024-02-24 06:50:49,1
858,17,1,message,Feeling inspired by nature today.,2024-02-24 18:36:21,0
859,15,20,message,can't wait!,2024-02-26 15:31:03,0
860,1,19,message,New recipe experiment tonight,2024-02-25 12:31:53,0
861,2,1,message,Working on a new project,2024-02-26 08:58:44,0
862,7,1,message,Grateful for this beautiful weather!,2024-02-23 14:49:14,0
863,7,5,message,Sending positive vibes your way!,2024-02-23 20:31:26,0
864,4,12,message,stay tuned!,2024-02-23 18:35:37,0
865,13,NULL,story,feeling pumped!,2024-02-23 02:58:12,1
866,17,17,message,Coffee is Life!,2024-02-25 20:26:10,0
867,9,14,message,Can't believe it's already Friday!,2024-02-23 17:57:40,0
868,3,4,message,stay tuned!,2024-02-23 00:57:23,0
869,14,5,message,New recipe experiment tonight,2024-02-26 06:54:00,0
870,5,NULL,story,Always be kind to yourself and others.,2024-02-23 11:55:44,1
871,10,8,message,Feeling blessed to have amazing friends and family.,2024-02-25 09:39:28,0
872,13,NULL,story,Ready to tackle whatever comes my way.,2024-02-24 22:37:50,1
873,7,NULL,story,Reflecting on the past year and setting new goals.,2024-02-25 08:12:52,1
874,19,15,message,Working on a new project,2024-02-23 23:25:25,0
875,16,17,message,stay focused,2024-02-25 00:51:17,0
876,8,NULL,story,Feeling blessed to have amazing friends and family.,2024-02-25 23:02:24,1
877,20,NULL,story,Coffee is Life!,2024-02-25 02:46:25,1
878,1,7,message,Grateful for this beautiful weather!,2024-02-25 08:24:43,0
879,3,16,message,Stay positive,2024-02-24 11:40:42,0
880,2,14,message,Working on a new project,2024-02-25 14:19:17,0
881,2,NULL,story,Time for some self-care and relaxation.,2024-02-26 08:19:00,1
882,14,NULL,story,In need of some Monday motivation.,2024-02-26 13:30:24,1
883,8,9,message,Always be kind to yourself and others.,2024-02-25 00:15:32,0
884,13,NULL,story,Ready to tackle whatever comes my way.,2024-02-24 03:20:21,1
885,20,NULL,story,Coffee is Life!,2024-02-24 07:42:59,1
886,9,9,message,Grateful for this beautiful weather!,2024-02-24 23:30:36,0
887,17,1,message,ust finished my workout,2024-02-25 04:40:12,0
888,3,14,message,stay focused,2024-02-26 23:27:55,0
889,3,NULL,story,Ready to tackle whatever comes my way.,2024-02-26 05:23:32,1
890,13,NULL,story,Finally caught up on my favorite TV show.,2024-02-25 08:55:20,1
891,18,NULL,story,Finally caught up on my favorite TV show.,2024-02-24 14:03:42,1
892,15,NULL,story,feeling pumped!,2024-02-24 21:02:27,1
893,8,14,message,Sometimes you just need to dance it out.,2024-02-26 02:36:56,0
894,10,5,message,Spent the day exploring new places.,2024-02-23 03:22:55,0
895,4,NULL,story,Trying to find the balance between work and play.,2024-02-24 04:38:57,1
896,10,10,message,Grateful for this beautiful weather!,2024-02-24 06:09:00,0
897,20,12,message,In need of some Monday motivation.,2024-02-25 13:45:07,0
898,17,NULL,story,Finally caught up on my favorite TV show.,2024-02-26 00:43:13,1
899,17,6,message,Embracing the journey,2024-02-25 20:19:30,0
900,16,NULL,story,Enjoying a quiet evening at home.,2024-02-26 17:55:53,1
901,16,13,message,Stay positive,2024-02-26 14:05:45,0
902,7,10,message,Ready to tackle whatever comes my way.,2024-02-26 21:08:48,0
903,14,NULL,story,Enjoying a quiet evening at home.,2024-02-24 08:23:23,1
904,8,NULL,story,Feeling grateful for all the little things.,2024-02-25 18:55:13,1
905,2,10,message,In need of some Monday motivation.,2024-02-25 20:13:39,0
906,2,NULL,story,Remember to take breaks and recharge.,2024-02-25 02:59:02,1
907,11,NULL,story,Love yourself first and everything else falls into place.,2024-02-25 01:49:59,1
908,9,16,message,can't wait!,2024-02-24 00:30:00,0
909,18,NULL,story,one step at a time.,2024-02-25 11:01:45,1
910,4,11,message,stay tuned!,2024-02-23 02:08:24,0
911,18,NULL,story,Enjoying a quiet evening at home.,2024-02-25 20:51:56,1
912,15,19,message,Feeling blessed to have amazing friends and family.,2024-02-26 10:54:11,0
913,16,NULL,story,In need of some Monday motivation.,2024-02-23 08:43:58,1
914,7,14,message,stay focused,2024-02-25 22:00:18,0
915,17,4,message,Nothing beats a good book and a cozy blanket.,2024-02-23 13:28:38,0
916,20,NULL,story,Can't believe it's already Friday!,2024-02-24 08:50:12,1
917,4,NULL,story,Trying to find the balance between work and play.,2024-02-24 05:02:43,1
918,20,NULL,story,Embracing the journey,2024-02-24 01:43:05,1
919,2,NULL,story,Can't believe it's already Friday!,2024-02-26 00:21:33,1
920,4,11,message,feeling pumped!,2024-02-23 03:14:37,0
921,20,18,message,Sometimes you just need to dance it out.,2024-02-26 05:54:22,0
922,14,8,message,can't wait!,2024-02-26 17:48:23,0
923,9,14,message,Sometimes you just need to dance it out.,2024-02-23 18:58:22,0
924,9,NULL,story,Nothing beats a good book and a cozy blanket.,2024-02-24 02:29:32,1
925,20,12,message,Nothing beats a good book and a cozy blanket.,2024-02-25 04:16:54,0
926,13,NULL,story,Remember to take breaks and recharge.,2024-02-26 16:30:15,1
927,20,NULL,story,Reflecting on the past year and setting new goals.,2024-02-24 10:23:10,1
928,15,7,message,one step at a time.,2024-02-23 10:57:09,0
929,20,NULL,story,Feeling inspired by nature today.,2024-02-23 14:21:03,1
930,11,NULL,story,Can't believe it's already Friday!,2024-02-24 21:46:27,1
931,9,3,message,Dreaming big and aiming high.,2024-02-25 23:26:36,0
932,11,NULL,story,Dreaming big and aiming high.,2024-02-26 18:48:50,1
933,14,NULL,story,stay strong.,2024-02-25 16:02:33,1
934,20,16,message,Coffee is Life!,2024-02-25 03:44:43,0
935,4,17,message,wish me luck!,2024-02-25 06:03:52,0
936,11,NULL,story,Reflecting on the past year and setting new goals.,2024-02-26 17:21:53,1
937,2,NULL,story,Celebrating small victories every day.,2024-02-26 03:25:42,1
938,16,NULL,story,feeling pumped!,2024-02-26 00:09:12,1
939,4,NULL,story,Feeling blessed to have amazing friends and family.,2024-02-26 04:44:10,1
940,16,19,message,Remember to take breaks and recharge.,2024-02-23 08:29:31,0
941,7,NULL,story,Sending positive vibes your way!,2024-02-26 16:25:37,1
942,11,NULL,story,wish me luck!,2024-02-24 01:55:06,1
943,13,19,message,Feeling grateful for all the little things.,2024-02-26 17:54:38,0
944,12,5,message,stay tuned!,2024-02-26 18:42:43,0
945,8,NULL,story,Always be kind to yourself and others.,2024-02-25 18:28:36,1
946,4,NULL,story,Celebrating small victories every day.,2024-02-25 14:32:25,1
947,9,NULL,story,Finally caught up on my favorite TV show.,2024-02-25 12:40:26,1
948,19,16,message,stay focused,2024-02-23 00:19:59,0
949,17,11,message,Feeling blessed to have amazing friends and family.,2024-02-23 11:13:48,0
950,15,20,message,New recipe experiment tonight,2024-02-24 18:50:09,0
951,16,NULL,story,Stay positive,2024-02-26 21:09:09,1
952,4,13,message,Feeling blessed to have amazing friends and family.,2024-02-26 16:51:33,0
953,7,18,message,one step at a time.,2024-02-24 10:20:45,0
954,6,3,message,Nothing beats a good book and a cozy blanket.,2024-02-24 13:01:38,0
955,18,NULL,story,stay strong.,2024-02-24 04:59:19,1
956,17,12,message,In need of some Monday motivation.,2024-02-26 00:09:47,0
957,2,NULL,story,Feeling inspired by nature today.,2024-02-25 12:48:56,1
958,5,17,message,In need of some Monday motivation.,2024-02-25 01:02:58,0
959,8,6,message,wish me luck!,2024-02-24 01:09:41,0
960,3,NULL,story,stay focused,2024-02-23 00:19:35,1
961,2,20,message,stay focused,2024-02-25 00:07:25,0
962,17,NULL,story,Sending positive vibes your way!,2024-02-26 17:36:23,1
963,19,NULL,story,Celebrating small victories every day.,2024-02-25 03:55:53,1
964,7,NULL,story,Always be kind to yourself and others.,2024-02-23 18:02:46,1
965,6,NULL,story,Remember to take breaks and recharge.,2024-02-25 12:24:58,1
966,2,19,message,Remember to take breaks and recharge.,2024-02-26 04:24:50,0
967,6,13,message,Nothing beats a good book and a cozy blanket.,2024-02-26 16:44:09,0
968,17,4,message,Sending positive vibes your way!,2024-02-24 18:12:06,0
969,11,9,message,Grateful for this beautiful weather!,2024-02-23 08:23:02,0
970,13,NULL,story,Grateful for this beautiful weather!,2024-02-24 16:38:58,1
971,12,NULL,story,Time for some self-care and relaxation.,2024-02-24 02:51:06,1
972,2,12,message,stay focused,2024-02-24 07:16:02,0
973,1,NULL,story,stay strong.,2024-02-26 12:57:46,1
974,17,9,message,Dreaming big and aiming high.,2024-02-23 09:47:15,0
975,20,NULL,story,Sometimes you just need to dance it out.,2024-02-23 14:35:21,1
976,5,9,message,Just booked my next vacation,2024-02-26 00:08:20,0
977,19,NULL,story,Working on a new project,2024-02-25 15:20:50,1
978,4,NULL,story,Trying to find the balance between work and play.,2024-02-26 00:23:16,1
979,13,4,message,Celebrating small victories every day.,2024-02-24 17:53:30,0
980,18,11,message,feeling pumped!,2024-02-25 15:51:12,0
981,13,3,message,stay focused,2024-02-23 11:25:42,0
982,8,NULL,story,wish me luck!,2024-02-25 17:58:51,1
983,13,3,message,Can't believe it's already Friday!,2024-02-26 09:49:17,0
984,14,NULL,story,Coffee is Life!,2024-02-24 05:24:16,1
985,16,NULL,story,Sometimes you just need to dance it out.,2024-02-25 23:02:38,1
986,20,2,message,Sending positive vibes your way!,2024-02-26 15:51:30,0
987,7,7,message,Remember to take breaks and recharge.,2024-02-26 17:18:28,0
988,3,NULL,story,stay tuned!,2024-02-23 05:28:00,1
989,6,4,message,Taking a break from social media for a while.,2024-02-26 01:01:38,0
990,20,6,message,Can't believe it's already Friday!,2024-02-26 03:58:54,0
991,19,NULL,story,Feeling inspired by nature today.,2024-02-23 05:03:07,1
992,15,11,message,Stay positive,2024-02-23 00:22:00,0
993,8,7,message,Feeling grateful for all the little things.,2024-02-23 05:01:52,0
994,13,NULL,story,ust finished my workout,2024-02-24 11:28:40,1
995,7,18,message,Finally caught up on my favorite TV show.,2024-02-25 11:07:42,0
996,7,NULL,story,Taking a break from social media for a while.,2024-02-23 02:47:44,1
997,19,3,message,Celebrating small victories every day.,2024-02-23 18:44:47,0
998,9,1,message,Enjoying a quiet evening at home.,2024-02-25 20:04:06,0
999,2,8,message,Enjoying a quiet evening at home.,2024-02-25 07:17:39,0
1000,20,NULL,story,Sometimes you just need to dance it out.,2024-02-24 03:20:49,1